Gorgeous Aluminum Clock|377.71|Q
Sleek Marble Computer|536.98|K
Fantastic Iron Gloves|731.37|F
Ergonomic Rubber Keyboard|523.50|E
Incredible Bronze Car|1111.68|N
Synergistic Bronze Plate|973.18|D
Enormous Wooden Gloves|262.84|V
Fantastic Copper Clock|1180.07|A
Lightweight Wool Gloves|1347.43|W
Mediocre Marble Hat|87.14|P
Gorgeous Copper Gloves|263.94|L
Mediocre Marble Bottle|1481.04|B
Aerodynamic Cotton Shoes|1040.85|E
Small Steel Coat|1107.82|Z
Small Wooden Keyboard|1232.92|V
Ergonomic Aluminum Knife|757.26|V
Sleek Plastic Gloves|576.94|T
Synergistic Leather Chair|339.34|U
Intelligent Copper Lamp|740.37|C
Lightweight Marble Clock|645.64|D
Rustic Granite Wallet|961.57|Q
Lightweight Leather Lamp|990.83|U
Rustic Granite Watch|1386.52|R
Ergonomic Wool Table|1146.98|T
Heavy Duty Steel Clock|1067.53|E
Heavy Duty Silk Computer|1319.28|G
Intelligent Aluminum Knife|823.32|E
Synergistic Concrete Bottle|384.24|U
Small Cotton Clock|565.47|B
Rustic Concrete Chair|818.52|V
Sleek Iron Coat|503.30|C
Incredible Paper Keyboard|424.15|H
Aerodynamic Bronze Keyboard|377.16|W
Durable Cotton Computer|965.17|Z
Gorgeous Silk Car|862.08|O
Ergonomic Concrete Knife|1471.50|G
Gorgeous Aluminum Computer|863.34|X
Awesome Wool Hat|393.28|K
Synergistic Marble Gloves|993.89|R
Sleek Bronze Shoes|859.27|L
Enormous Marble Car|487.96|J
Synergistic Wooden Clock|603.28|F
Ergonomic Cotton Shirt|76.29|R
Mediocre Copper Plate|741.50|I
Sleek Wool Car|1018.45|M
Lightweight Copper Coat|150.31|E
Aerodynamic Linen Keyboard|192.10|K
Incredible Bronze Pants|389.94|F
Mediocre Paper Wallet|847.73|V
Practical Copper Wallet|824.54|X
Mediocre Granite Bottle|724.90|Q
Practical Wool Bag|1215.61|Z
Intelligent Copper Wallet|761.94|B
Gorgeous Marble Clock|739.89|E
Intelligent Linen Gloves|38.01|I
Incredible Wool Bottle|86.13|Z
Aerodynamic Aluminum Shoes|784.91|R
Durable Wool Chair|501.48|K
Aerodynamic Iron Keyboard|1414.61|X
Practical Copper Chair|372.89|D
Sleek Aluminum Shirt|1457.60|C
Lightweight Silk Shirt|772.26|Z
Sleek Rubber Chair|904.18|K
Fantastic Copper Bag|64.48|A
Durable Linen Shoes|491.00|P
Sleek Steel Shirt|1404.14|O
Rustic Bronze Wallet|1213.41|C
Small Copper Plate|859.56|X
Mediocre Paper Keyboard|189.09|K
Lightweight Copper Lamp|1410.29|D
Heavy Duty Rubber Computer|307.43|Y
Fantastic Aluminum Pants|1178.62|K
Sleek Bronze Plate|685.63|R
Mediocre Cotton Table|376.51|L
Synergistic Iron Computer|312.73|P
Intelligent Copper Car|1390.62|T
Practical Copper Bottle|1175.50|L
Awesome Wooden Bench|1241.37|J
Mediocre Leather Shoes|963.55|D
Practical Plastic Plate|1297.46|Z
Aerodynamic Rubber Chair|304.86|Y
Aerodynamic Granite Bench|1448.28|Z
Enormous Plastic Car|445.34|J
Lightweight Linen Gloves|1461.02|F
Small Marble Hat|1174.95|P
Aerodynamic Marble Computer|33.12|D
Awesome Granite Gloves|851.50|J
Mediocre Iron Clock|84.76|F
Ergonomic Steel Car|251.95|P
Practical Aluminum Bench|210.14|I
Lightweight Linen Chair|552.92|Y
Aerodynamic Steel Shirt|1021.28|R
Practical Marble Hat|890.27|F
Enormous Wooden Coat|541.01|I
Mediocre Marble Clock|173.14|G
Mediocre Marble Pants|414.69|D
Ergonomic Copper Gloves|521.25|Y
Synergistic Linen Keyboard|839.52|B
Practical Linen Chair|990.12|W
Ergonomic Silk Hat|941.01|X
Synergistic Concrete Clock|1219.15|I
Heavy Duty Cotton Wallet|805.76|M
Synergistic Cotton Lamp|434.22|Y
Mediocre Cotton Pants|755.09|N
Enormous Steel Clock|852.62|U
Incredible Marble Bag|170.60|H
Heavy Duty Marble Watch|261.45|T
Durable Wooden Knife|159.92|P
Gorgeous Paper Coat|1121.44|K
Gorgeous Leather Computer|1043.47|K
Durable Aluminum Knife|1108.16|B
Synergistic Rubber Clock|480.12|O
Incredible Wool Keyboard|379.52|J
Practical Rubber Coat|884.24|Q
Mediocre Granite Bag|1100.66|D
Incredible Copper Pants|756.25|R
Synergistic Marble Table|1432.84|Z
Synergistic Rubber Keyboard|507.27|L
Fantastic Concrete Knife|882.63|B
Rustic Cotton Shirt|1040.99|N
Rustic Silk Car|997.49|Q
Awesome Copper Pants|1489.97|C
Intelligent Aluminum Keyboard|800.55|L
Ergonomic Plastic Pants|472.69|M
Practical Plastic Bench|240.94|A
Rustic Paper Bottle|228.47|S
Enormous Steel Car|269.43|Z
Intelligent Iron Chair|1033.62|G
Fantastic Steel Table|1042.15|I
Ergonomic Marble Bench|486.91|I
Intelligent Wool Lamp|422.09|B
Aerodynamic Copper Bottle|1406.60|I
Heavy Duty Aluminum Clock|240.83|X
Small Wool Computer|422.24|E
Mediocre Granite Gloves|177.24|C
Sleek Paper Lamp|1175.29|Y
Gorgeous Plastic Gloves|590.14|Z
Incredible Concrete Knife|1339.61|N
Fantastic Silk Hat|1392.29|I
Intelligent Marble Pants|1281.00|M
Awesome Iron Keyboard|70.46|D
Awesome Bronze Pants|1012.71|Y
Durable Iron Bench|1405.61|P
Sleek Concrete Keyboard|194.04|J
Enormous Plastic Plate|819.42|B
Intelligent Leather Pants|497.56|B
Gorgeous Leather Hat|791.07|H
Gorgeous Rubber Computer|1405.17|E
Mediocre Concrete Keyboard|456.22|O
Enormous Plastic Knife|982.23|Y
Durable Marble Keyboard|855.50|D
Lightweight Wooden Wallet|1189.40|J
Rustic Steel Coat|815.22|K
Gorgeous Marble Wallet|773.07|H
Sleek Paper Computer|199.10|A
Gorgeous Rubber Hat|644.47|O
Durable Rubber Computer|1273.81|W
Ergonomic Leather Lamp|1435.72|Z
Heavy Duty Rubber Bag|22.64|S
Rustic Aluminum Clock|437.16|J
Incredible Wool Car|1236.10|E
Awesome Bronze Lamp|1342.67|C
Ergonomic Rubber Clock|1040.06|K
Ergonomic Plastic Coat|524.34|I
Small Bronze Wallet|1136.16|A
Gorgeous Rubber Pants|361.15|N
Gorgeous Plastic Table|756.33|B
Enormous Cotton Watch|675.07|G
Incredible Rubber Shirt|1345.07|F
Aerodynamic Paper Chair|326.28|D
Sleek Silk Knife|1432.61|L
Gorgeous Wooden Keyboard|412.89|Z
Durable Silk Hat|915.76|E
Durable Aluminum Bottle|1073.37|Z
Gorgeous Plastic Shoes|872.96|E
Enormous Silk Shoes|186.90|Q
Durable Leather Clock|1361.77|B
Sleek Cotton Hat|206.43|X
Awesome Wool Gloves|1373.29|S
Small Aluminum Wallet|1372.16|N
Mediocre Granite Bench|613.12|U
Lightweight Concrete Coat|720.33|G
Practical Cotton Shoes|804.27|B
Incredible Silk Bench|346.29|V
Ergonomic Cotton Plate|84.74|X
Durable Wool Clock|184.81|F
Durable Wool Pants|1329.21|N
Durable Steel Computer|1375.56|V
Enormous Linen Shirt|258.73|M
Awesome Aluminum Pants|345.97|R
Fantastic Leather Lamp|995.07|C
Fantastic Bronze Table|204.35|J
Rustic Wooden Bag|716.61|N
Mediocre Linen Wallet|899.76|L
Practical Silk Lamp|312.54|I
Gorgeous Concrete Car|1242.72|D
Durable Aluminum Bench|582.31|A
Sleek Wool Chair|513.28|E
Heavy Duty Concrete Bottle|345.10|E
Awesome Silk Hat|677.88|P
Enormous Steel Bottle|1295.81|I
Small Iron Bottle|183.80|K
Lightweight Copper Gloves|930.23|Q
Small Wool Pants|890.99|J
Mediocre Wooden Keyboard|396.13|F
Durable Linen Pants|1206.41|M
Practical Aluminum Bottle|1462.77|Q
Intelligent Steel Car|660.70|D
Rustic Rubber Knife|771.40|W
Heavy Duty Wooden Shirt|1475.41|H
Small Paper Plate|208.94|Q
Sleek Linen Car|994.84|P
Ergonomic Steel Bench|1465.83|Q
Sleek Steel Coat|1413.32|C
Aerodynamic Marble Watch|1178.47|U
Synergistic Bronze Watch|1392.52|U
Rustic Copper Coat|631.70|H
Aerodynamic Bronze Bench|1306.12|H
Heavy Duty Linen Bench|839.43|V
Lightweight Copper Shirt|640.53|M
Ergonomic Granite Chair|1333.97|P
Fantastic Linen Lamp|766.98|W
Heavy Duty Leather Shirt|1141.60|I
Enormous Iron Bench|768.79|E
Lightweight Concrete Keyboard|1370.30|D
Durable Leather Bag|18.41|R
Sleek Linen Chair|878.03|D
Intelligent Wooden Bench|62.49|C
Gorgeous Wooden Car|618.60|K
Sleek Aluminum Pants|23.80|U
Synergistic Concrete Chair|494.01|G
Rustic Marble Watch|772.57|F
Gorgeous Granite Coat|810.59|K
Lightweight Steel Hat|1071.17|B
Durable Copper Plate|718.62|O
Awesome Paper Shirt|1276.75|T
Rustic Marble Keyboard|466.91|F
Rustic Granite Gloves|1436.46|U
Incredible Copper Car|1355.92|U
Enormous Plastic Lamp|248.59|Z
Incredible Steel Chair|1064.75|K
Enormous Copper Lamp|1172.60|K
Heavy Duty Steel Shoes|591.59|F
Mediocre Bronze Coat|606.47|Z
Awesome Plastic Table|489.87|U
Incredible Copper Wallet|757.76|D
Lightweight Concrete Shirt|240.92|S
Lightweight Wool Plate|780.34|P
Gorgeous Wool Coat|564.39|G
Incredible Paper Clock|1183.59|E
Practical Concrete Lamp|367.21|R
Intelligent Wooden Plate|732.25|D
Synergistic Wool Pants|717.78|B
Small Plastic Lamp|80.79|C
Heavy Duty Wooden Bench|1417.85|M
Practical Marble Table|1027.09|S
Enormous Cotton Gloves|445.39|G
Intelligent Concrete Wallet|323.01|F
Ergonomic Aluminum Wallet|516.61|U
Awesome Rubber Watch|926.71|L
Mediocre Silk Coat|321.40|P
Rustic Cotton Pants|1445.27|C
Practical Plastic Watch|158.28|B
Fantastic Silk Wallet|791.28|J
Ergonomic Concrete Bag|1436.82|U
Small Concrete Computer|938.44|P
Fantastic Silk Car|1328.30|H
Synergistic Steel Shoes|1318.51|Z
Gorgeous Paper Knife|1037.45|R
Incredible Leather Bench|1404.05|C
Durable Copper Shoes|825.81|W
Durable Leather Chair|404.90|G
Small Bronze Lamp|1330.83|D
Lightweight Wooden Knife|579.50|Z
Gorgeous Aluminum Bench|422.84|G
Lightweight Granite Coat|728.39|R
Sleek Steel Bench|1080.81|E
Sleek Aluminum Gloves|444.86|Q
Lightweight Granite Plate|1159.11|G
Intelligent Granite Car|1466.89|Q
Practical Plastic Bottle|10.71|H
Intelligent Silk Bench|620.90|O
Ergonomic Concrete Keyboard|470.55|T
Rustic Paper Wallet|391.74|M
Lightweight Aluminum Gloves|432.03|J
Practical Steel Watch|1100.80|D
Gorgeous Cotton Lamp|215.00|U
Practical Cotton Bench|1295.09|E
Heavy Duty Iron Wallet|438.31|A
Enormous Steel Shoes|120.13|J
Intelligent Concrete Clock|542.40|U
Lightweight Wooden Keyboard|552.86|P
Practical Concrete Clock|1030.41|Y
Heavy Duty Cotton Hat|485.72|O
Mediocre Wooden Gloves|12.89|X
Sleek Steel Hat|929.37|L
Awesome Aluminum Plate|832.42|G
Rustic Wool Lamp|561.32|W
Lightweight Wool Wallet|785.46|Y
Synergistic Wool Table|640.65|X
Gorgeous Copper Wallet|1045.87|C
Ergonomic Wooden Watch|1019.30|P
Practical Wooden Bench|1121.85|Y
Lightweight Iron Gloves|162.59|A
Heavy Duty Leather Bench|1229.51|A
Enormous Cotton Table|337.50|P
Mediocre Rubber Plate|1341.07|H
Enormous Aluminum Computer|1416.02|I
Intelligent Marble Chair|271.27|B
Rustic Cotton Car|526.94|K
Practical Aluminum Car|974.85|Q
Enormous Plastic Computer|324.49|Y
Synergistic Paper Keyboard|1499.22|J
Enormous Iron Chair|1021.97|Y
Awesome Cotton Chair|100.61|B
Aerodynamic Linen Coat|905.18|K
Mediocre Steel Wallet|1163.30|N
Practical Rubber Plate|1329.53|L
Fantastic Leather Pants|167.77|R
Sleek Aluminum Computer|556.16|G
Fantastic Granite Hat|805.96|G
Durable Plastic Chair|1184.19|H
Ergonomic Iron Hat|1113.74|A
Synergistic Steel Knife|376.51|Y
Durable Wooden Hat|572.52|Q
Durable Plastic Car|857.15|W
Incredible Copper Shirt|891.71|G
Sleek Steel Table|732.27|M
Practical Paper Hat|322.88|O
Gorgeous Leather Knife|1069.29|B
Enormous Wooden Shoes|207.37|J
Aerodynamic Paper Bottle|1257.25|T
Sleek Granite Wallet|986.34|B
Synergistic Copper Car|703.31|J
Mediocre Silk Lamp|1003.59|I
Aerodynamic Iron Car|977.18|A
Awesome Linen Clock|505.16|P
Awesome Aluminum Lamp|1469.72|S
Practical Aluminum Bag|1360.64|W
Fantastic Aluminum Coat|331.71|X
Sleek Silk Bag|1294.60|A
Ergonomic Leather Pants|1492.23|V
Incredible Cotton Knife|1192.50|R
Durable Marble Lamp|1384.81|U
Sleek Leather Bench|926.50|E
Synergistic Iron Chair|1207.16|L
Lightweight Copper Watch|1342.72|Z
Fantastic Leather Chair|417.68|L
Heavy Duty Granite Knife|1454.99|K
Practical Marble Pants|187.87|W
Durable Wooden Bottle|637.49|P
Mediocre Silk Keyboard|360.03|Y
Intelligent Iron Gloves|1056.69|N
Aerodynamic Plastic Chair|693.71|O
Fantastic Paper Table|904.54|M
Incredible Iron Table|1286.35|H
Enormous Wooden Wallet|339.16|O
Intelligent Wooden Knife|1000.31|U
Durable Iron Hat|702.23|V
Small Copper Bag|412.90|V
Sleek Steel Bottle|203.08|O
Aerodynamic Plastic Keyboard|748.13|N
Aerodynamic Plastic Car|472.84|U
Gorgeous Wool Hat|167.43|R
Enormous Bronze Bottle|351.54|I
Mediocre Copper Pants|1219.17|X
Small Cotton Pants|1101.46|X
Awesome Bronze Car|869.26|V
Fantastic Paper Clock|712.55|Y
Sleek Paper Chair|876.47|Y
Lightweight Cotton Coat|1244.49|F
Mediocre Granite Wallet|594.07|V
Ergonomic Wooden Knife|776.73|Z
Rustic Bronze Bag|72.14|Z
Incredible Linen Bottle|195.91|E
Intelligent Aluminum Shirt|1277.94|M
Heavy Duty Steel Table|755.14|Z
Practical Granite Wallet|1284.32|T
Durable Marble Table|1447.61|Y
Enormous Copper Car|213.27|E
Heavy Duty Cotton Shirt|304.06|G
Gorgeous Marble Chair|421.04|Y
Durable Bronze Keyboard|692.44|Z
Sleek Bronze Car|1429.90|S
Aerodynamic Linen Bag|818.35|O
Awesome Plastic Clock|1469.75|Z
Sleek Bronze Table|933.26|J
Synergistic Cotton Bench|366.98|J
Gorgeous Plastic Wallet|666.50|I
Heavy Duty Copper Bottle|1120.69|Y
Fantastic Linen Keyboard|236.38|M
Awesome Leather Bench|1069.72|S
Practical Rubber Hat|442.37|S
Enormous Concrete Keyboard|671.61|M
Gorgeous Iron Pants|1449.97|D
Small Marble Gloves|1245.45|K
Aerodynamic Cotton Bottle|712.03|T
Lightweight Wool Bottle|290.72|Z
Small Aluminum Chair|1170.36|Q
Intelligent Leather Bottle|136.05|R
Synergistic Wool Shoes|204.54|Z
Small Wool Bottle|414.02|J
Synergistic Concrete Shoes|491.61|D
Enormous Rubber Clock|1345.71|W
Gorgeous Leather Bottle|1333.30|C
Practical Wooden Shoes|941.52|J
Lightweight Bronze Car|142.51|T
Fantastic Wool Keyboard|847.02|E
Lightweight Steel Car|1137.78|L
Aerodynamic Wool Clock|1400.03|N
Incredible Wool Gloves|1362.45|F
Durable Copper Wallet|833.60|C
Durable Plastic Table|56.39|L
Lightweight Plastic Shirt|478.46|T
Aerodynamic Wool Knife|1199.92|I
Incredible Wooden Computer|221.22|E
Incredible Rubber Watch|893.11|J
Small Cotton Table|44.28|G
Aerodynamic Iron Table|259.51|V
Sleek Copper Lamp|124.94|S
Sleek Linen Gloves|566.23|L
Aerodynamic Granite Coat|1034.17|Q
Lightweight Aluminum Knife|1355.59|O
Synergistic Bronze Computer|1148.89|V
Practical Bronze Clock|144.80|W
Rustic Marble Car|413.54|L
Durable Copper Table|1297.96|M
Gorgeous Aluminum Hat|436.70|T
Aerodynamic Steel Wallet|1091.82|S
Lightweight Leather Shoes|1432.85|G
Practical Leather Table|686.94|I
Small Bronze Shoes|564.97|C
Aerodynamic Steel Clock|986.96|B
Small Wooden Wallet|215.62|I
Small Iron Lamp|231.33|J
Intelligent Linen Shoes|1321.84|K
Intelligent Linen Shirt|1468.17|G
Gorgeous Steel Lamp|997.33|W
Heavy Duty Wooden Table|350.89|O
Ergonomic Marble Coat|149.19|L
Synergistic Silk Hat|1358.22|Z
Heavy Duty Granite Plate|295.39|E
Sleek Copper Pants|1434.78|G
Ergonomic Paper Lamp|222.39|W
Heavy Duty Aluminum Gloves|633.11|I
Awesome Bronze Watch|852.81|U
Practical Marble Plate|554.17|E
Aerodynamic Wool Computer|740.36|Y
Mediocre Cotton Lamp|747.01|J
Intelligent Wooden Gloves|358.28|J
Fantastic Wooden Shirt|168.81|L
Ergonomic Copper Car|102.16|H
Fantastic Granite Computer|422.54|Y
Synergistic Steel Bench|903.85|B
Awesome Wooden Hat|1299.71|W
Rustic Bronze Watch|61.71|H
Heavy Duty Cotton Lamp|299.13|W
Aerodynamic Silk Car|1106.82|D
Gorgeous Marble Bottle|124.46|C
Sleek Granite Chair|1381.62|O
Incredible Wooden Watch|1085.51|Q
Mediocre Steel Gloves|402.78|G
Practical Wool Car|1170.31|Z
Incredible Steel Keyboard|1110.85|H
Gorgeous Steel Shirt|468.41|F
Gorgeous Leather Pants|1479.96|T
Rustic Steel Shirt|256.87|Q
Intelligent Cotton Bag|1068.17|L
Durable Cotton Shirt|727.73|E
Incredible Iron Car|334.43|N
Rustic Paper Knife|227.06|S
Heavy Duty Aluminum Coat|400.20|B
Awesome Concrete Car|927.27|Z
Awesome Iron Shirt|769.28|U
Aerodynamic Concrete Hat|236.53|H
Lightweight Leather Computer|590.26|H
Rustic Leather Knife|1367.92|Q
Heavy Duty Linen Clock|408.89|W
Sleek Silk Table|221.76|F
Awesome Marble Gloves|611.26|N
Enormous Paper Bench|626.73|Z
Gorgeous Rubber Keyboard|1432.61|I
Small Granite Computer|589.90|Q
Sleek Wooden Gloves|627.63|B
Ergonomic Wool Knife|747.62|I
Small Wooden Knife|618.10|P
Intelligent Bronze Hat|200.74|H
Fantastic Wooden Keyboard|214.97|O
Mediocre Concrete Table|349.56|K
Fantastic Wooden Bag|114.75|B
Small Wooden Shirt|1372.11|Q
Fantastic Marble Chair|766.05|M
Aerodynamic Iron Computer|869.19|L
Ergonomic Iron Computer|152.63|P
Ergonomic Rubber Chair|1175.43|P
Heavy Duty Bronze Car|1216.67|K
Ergonomic Copper Computer|1255.69|Z
Small Paper Watch|1154.63|Q
Rustic Cotton Shoes|774.61|M
Rustic Linen Coat|39.15|W
